num,keyword,pattern,persona,sec,slides,file
01,ライバー始め方,質問回答1,,32,5,01_ライバー始め方_質問回答1.md
01,ライバー始め方,質問回答2,,31,5,01_ライバー始め方_質問回答2.md
01,ライバー始め方,数字インパクト,,28,5,01_ライバー始め方_数字インパクト.md
01,ライバー始め方,ポイント紹介,,34,6,01_ライバー始め方_ポイント紹介.md
01,ライバー始め方,比較してみた,,36,5,01_ライバー始め方_比較してみた.md
01,ライバー始め方,TOP3,,17,5,01_ライバー始め方_TOP3.md
01,ライバー始め方,よくある誤解,,33,5,01_ライバー始め方_よくある誤解.md
02,Pococha稼げる,質問回答1,,28,5,02_Pococha稼げる_質問回答1.md
02,Pococha稼げる,質問回答2,,29,5,02_Pococha稼げる_質問回答2.md
02,Pococha稼げる,数字インパクト,,22,5,02_Pococha稼げる_数字インパクト.md
02,Pococha稼げる,比較してみた,,22,5,02_Pococha稼げる_比較してみた.md
02,Pococha稼げる,TOP3,,21,5,02_Pococha稼げる_TOP3.md
02,Pococha稼げる,よくある誤解,,27,5,02_Pococha稼げる_よくある誤解.md
03,事務所選び方,質問回答1,,25,5,03_事務所選び方_質問回答1.md
03,事務所選び方,質問回答2,,22,5,03_事務所選び方_質問回答2.md
03,事務所選び方,数字インパクト,,24,5,03_事務所選び方_数字インパクト.md
03,事務所選び方,比較してみた,,24,5,03_事務所選び方_比較してみた.md
03,事務所選び方,TOP3,,21,5,03_事務所選び方_TOP3.md
03,事務所選び方,よくある誤解,,24,5,03_事務所選び方_よくある誤解.md
04,配信初心者コツ,質問回答1,,29,5,04_配信初心者コツ_質問回答1.md
04,配信初心者コツ,質問回答2,,29,5,04_配信初心者コツ_質問回答2.md
04,配信初心者コツ,数字インパクト,,22,5,04_配信初心者コツ_数字インパクト.md
04,配信初心者コツ,ポイント紹介,,29,6,04_配信初心者コツ_ポイント紹介.md
04,配信初心者コツ,TOP3,,18,5,04_配信初心者コツ_TOP3.md
04,配信初心者コツ,よくある誤解,,28,5,04_配信初心者コツ_よくある誤解.md
05,ライバー収入現実,質問回答1,,26,5,05_ライバー収入現実_質問回答1.md
05,ライバー収入現実,質問回答2,,28,5,05_ライバー収入現実_質問回答2.md
05,ライバー収入現実,数字インパクト,,20,5,05_ライバー収入現実_数字インパクト.md
05,ライバー収入現実,比較してみた,,27,5,05_ライバー収入現実_比較してみた.md
05,ライバー収入現実,TOP3,,24,5,05_ライバー収入現実_TOP3.md
05,ライバー収入現実,よくある誤解,,28,5,05_ライバー収入現実_よくある誤解.md
06,在宅副業おすすめ,質問回答1,副業,29,5,06_在宅副業おすすめ_質問回答1.md
06,在宅副業おすすめ,質問回答2,副業,28,5,06_在宅副業おすすめ_質問回答2.md
06,在宅副業おすすめ,数字インパクト,副業,21,5,06_在宅副業おすすめ_数字インパクト.md
06,在宅副業おすすめ,ポイント紹介,副業,25,6,06_在宅副業おすすめ_ポイント紹介.md
06,在宅副業おすすめ,比較してみた,副業,20,5,06_在宅副業おすすめ_比較してみた.md
06,在宅副業おすすめ,TOP3,副業,25,5,06_在宅副業おすすめ_TOP3.md
06,在宅副業おすすめ,よくある誤解,副業,22,5,06_在宅副業おすすめ_よくある誤解.md
07,Pococha時間ダイヤ完全ガイド,質問回答1,,26,5,07_Pococha時間ダイヤ完全ガイド_質問回答1.md
07,Pococha時間ダイヤ完全ガイド,質問回答2,,24,5,07_Pococha時間ダイヤ完全ガイド_質問回答2.md
07,Pococha時間ダイヤ完全ガイド,数字インパクト,,18,5,07_Pococha時間ダイヤ完全ガイド_数字インパクト.md
07,Pococha時間ダイヤ完全ガイド,比較してみた,,22,5,07_Pococha時間ダイヤ完全ガイド_比較してみた.md
08,ライバー事務所フリー比較,質問回答1,,24,5,08_ライバー事務所フリー比較_質問回答1.md
08,ライバー事務所フリー比較,質問回答2,,23,5,08_ライバー事務所フリー比較_質問回答2.md
08,ライバー事務所フリー比較,数字インパクト,,22,5,08_ライバー事務所フリー比較_数字インパクト.md
08,ライバー事務所フリー比較,比較してみた,,31,5,08_ライバー事務所フリー比較_比較してみた.md
08,ライバー事務所フリー比較,よくある誤解,,22,5,08_ライバー事務所フリー比較_よくある誤解.md
09,顔出しなしライバー,質問回答1,顔出しなし,27,5,09_顔出しなしライバー_質問回答1.md
09,顔出しなしライバー,質問回答2,顔出しなし,26,5,09_顔出しなしライバー_質問回答2.md
09,顔出しなしライバー,数字インパクト,顔出しなし,24,5,09_顔出しなしライバー_数字インパクト.md
09,顔出しなしライバー,ポイント紹介,顔出しなし,29,6,09_顔出しなしライバー_ポイント紹介.md
09,顔出しなしライバー,TOP3,顔出しなし,30,5,09_顔出しなしライバー_TOP3.md
09,顔出しなしライバー,よくある誤解,顔出しなし,24,5,09_顔出しなしライバー_よくある誤解.md
10,大学生ライバー,質問回答1,大学生,24,5,10_大学生ライバー_質問回答1.md
10,大学生ライバー,質問回答2,大学生,25,5,10_大学生ライバー_質問回答2.md
10,大学生ライバー,数字インパクト,大学生,20,5,10_大学生ライバー_数字インパクト.md
10,大学生ライバー,ポイント紹介,大学生,23,6,10_大学生ライバー_ポイント紹介.md
10,大学生ライバー,比較してみた,大学生,25,5,10_大学生ライバー_比較してみた.md
10,大学生ライバー,TOP3,大学生,23,5,10_大学生ライバー_TOP3.md
11,主婦ライバー,質問回答1,主婦,23,5,11_主婦ライバー_質問回答1.md
11,主婦ライバー,質問回答2,主婦,22,5,11_主婦ライバー_質問回答2.md
11,主婦ライバー,数字インパクト,主婦,20,5,11_主婦ライバー_数字インパクト.md
11,主婦ライバー,ポイント紹介,主婦,24,6,11_主婦ライバー_ポイント紹介.md
11,主婦ライバー,比較してみた,主婦,23,5,11_主婦ライバー_比較してみた.md
12,ライバー確定申告,質問回答1,副業,29,5,12_ライバー確定申告_質問回答1.md
12,ライバー確定申告,質問回答2,副業,27,5,12_ライバー確定申告_質問回答2.md
12,ライバー確定申告,数字インパクト,副業,25,5,12_ライバー確定申告_数字インパクト.md
12,ライバー確定申告,比較してみた,副業,34,5,12_ライバー確定申告_比較してみた.md
12,ライバー確定申告,TOP3,副業,26,5,12_ライバー確定申告_TOP3.md
13,ライバーイベント攻略,質問回答1,,32,5,13_ライバーイベント攻略_質問回答1.md
13,ライバーイベント攻略,質問回答2,,30,5,13_ライバーイベント攻略_質問回答2.md
13,ライバーイベント攻略,数字インパクト,,27,5,13_ライバーイベント攻略_数字インパクト.md
13,ライバーイベント攻略,TOP3,,22,5,13_ライバーイベント攻略_TOP3.md
13,ライバーイベント攻略,よくある誤解,,29,5,13_ライバーイベント攻略_よくある誤解.md
14,ライバー辞めたい,質問回答1,,36,5,14_ライバー辞めたい_質問回答1.md
14,ライバー辞めたい,質問回答2,,36,5,14_ライバー辞めたい_質問回答2.md
14,ライバー辞めたい,数字インパクト,,28,5,14_ライバー辞めたい_数字インパクト.md
14,ライバー辞めたい,ポイント紹介,,23,6,14_ライバー辞めたい_ポイント紹介.md
14,ライバー辞めたい,TOP3,,22,5,14_ライバー辞めたい_TOP3.md
15,ライバー男性,質問回答1,男性,31,5,15_ライバー男性_質問回答1.md
15,ライバー男性,質問回答2,男性,30,5,15_ライバー男性_質問回答2.md
15,ライバー男性,数字インパクト,男性,29,5,15_ライバー男性_数字インパクト.md
15,ライバー男性,ポイント紹介,男性,23,6,15_ライバー男性_ポイント紹介.md
15,ライバー男性,よくある誤解,男性,27,5,15_ライバー男性_よくある誤解.md
16,ライバー還元率,質問回答1,,25,5,16_ライバー還元率_質問回答1.md
16,ライバー還元率,質問回答2,,24,5,16_ライバー還元率_質問回答2.md
16,ライバー還元率,数字インパクト,,23,5,16_ライバー還元率_数字インパクト.md
16,ライバー還元率,比較してみた,,24,5,16_ライバー還元率_比較してみた.md
16,ライバー還元率,TOP3,,18,5,16_ライバー還元率_TOP3.md
17,ライバー面接対策,質問回答1,,24,5,17_ライバー面接対策_質問回答1.md
17,ライバー面接対策,質問回答2,,23,5,17_ライバー面接対策_質問回答2.md
17,ライバー面接対策,数字インパクト,,21,5,17_ライバー面接対策_数字インパクト.md
17,ライバー面接対策,ポイント紹介,,22,6,17_ライバー面接対策_ポイント紹介.md
17,ライバー面接対策,TOP3,,22,5,17_ライバー面接対策_TOP3.md
17,ライバー面接対策,よくある誤解,,25,5,17_ライバー面接対策_よくある誤解.md
18,Pocochaランク上げ方,質問回答1,,29,5,18_Pocochaランク上げ方_質問回答1.md
18,Pocochaランク上げ方,質問回答2,,28,5,18_Pocochaランク上げ方_質問回答2.md
18,Pocochaランク上げ方,数字インパクト,,22,5,18_Pocochaランク上げ方_数字インパクト.md
18,Pocochaランク上げ方,比較してみた,,38,5,18_Pocochaランク上げ方_比較してみた.md
18,Pocochaランク上げ方,TOP3,,20,5,18_Pocochaランク上げ方_TOP3.md
19,ライバー機材おすすめ,質問回答1,,36,5,19_ライバー機材おすすめ_質問回答1.md
19,ライバー機材おすすめ,質問回答2,,38,5,19_ライバー機材おすすめ_質問回答2.md
19,ライバー機材おすすめ,数字インパクト,,32,5,19_ライバー機材おすすめ_数字インパクト.md
19,ライバー機材おすすめ,TOP3,,32,5,19_ライバー機材おすすめ_TOP3.md
19,ライバー機材おすすめ,よくある誤解,,32,5,19_ライバー機材おすすめ_よくある誤解.md
20,ライバー配信ネタ,質問回答1,,20,5,20_ライバー配信ネタ_質問回答1.md
20,ライバー配信ネタ,質問回答2,,22,5,20_ライバー配信ネタ_質問回答2.md
20,ライバー配信ネタ,数字インパクト,,19,5,20_ライバー配信ネタ_数字インパクト.md
20,ライバー配信ネタ,TOP3,,22,5,20_ライバー配信ネタ_TOP3.md
21,ライバー伸びない原因,質問回答1,,29,5,21_ライバー伸びない原因_質問回答1.md
21,ライバー伸びない原因,質問回答2,,30,5,21_ライバー伸びない原因_質問回答2.md
21,ライバー伸びない原因,数字インパクト,,20,5,21_ライバー伸びない原因_数字インパクト.md
21,ライバー伸びない原因,TOP3,,22,5,21_ライバー伸びない原因_TOP3.md
